아이폰 13 mini 자급제 128GB 미드나이트 Apple,"874,000원",https://adcr.naver.com/adcr?x=XvyG8ySX0hWhOYvZ7lQyuf///w==kCHBN8uKbeF75WgSDeskr7P8m/Ovl5aNKbISm6IqWvF8Pgrgas+BUOhDEqAVeJvbqk/JklObJFw0mqnG0GdslogIjmeNsDzxp8dkzXblsTz1AIZWnEe5pox0pZw8JFFTV4VGLWYxzrwjJm8GHjsKOERxWycPwoWLTfke8pWCgZChm8COFYQmcHNigSRqSW2fcYuxbkj/o9CzpmbvvIcKaQYz0OfG0xuvDjOnEm+9Zq3OpMm5jFXi5Hx+mVdusS0h/dYxrObL7fyD6cAm5rTW1I8hNwxOkYUsTx1fdZFx6ySp7EGDh41TKnHCu1SvmUdegg+3mGmljK+72qKBWD18FJbtebMMGCfEWa2sjuOxBoMqkpXk0bQI6psjl+DpHkQYUCKFQlW7gtUH84nHjhAbsXwH8ZoafUmcD2F57GPdS93vE5EEMjiiCvKuvyYNUErl+KteAWwNhywiOBMdWS++LKSC3MlJ8eUiT4M+8Rbxd8pvgde12i9QSB3BQ56x3hMl29oeMzAI5RUa88XKeGfKZFA7KT4VJwl6HVICVKLSfYkdEPVv5JgSqaQO686m4H5Siq0FZTuRQSpwsfT/Y6gyEWKvzUDp8f44hP92VGarTAetDGivxt7Z7B+LnAu/PQlj3rGcoHTwEKN7jBAUQYmS3Djam9kl1sSuf/Dl6vci6SN8jyvxvO09n/VVxy3k8PY/rzJ0RCD8eA0tU3yF3RN3troz1eNdwcs/Md50M5H2YlZ0joVsjTu6NzR79VgFjY8vQWB90G+yJXcF4hXa8HUeIU9Z6pUI36u8+cSkkCRu+Bvr/lWngfEn/35jg0H+b7lkYxjQ54t/XJNEzTU2ME1C+zb6nrV3AQ7eOC8YfKsh0WyJV+SaV9qEzn5KJRnLYhIxwFsn8VGFgUFy03+6eQBsrea4oE2rfyWaIR+XBoCvb2bc=
Apple 정품 아이폰 14 Pro 자급제 스페이스블랙 128GB MPXV3KH/A,"1,395,000원",https://adcr.naver.com/adcr?x=gZ+MMbG3ipeG3K0vja01I////w==k1ZE046T+2p568txth9CJRYODLY5nEthXG7CztYpoDNONnDBDxYz5ri3ecQAl2WlDN5QUfoP96UpcT2o82LWP3uvup2GIHCAzxohjB8N+v2WYMscgSJ3FJWk5X3wkvE8KNsiaa8ULLRxAm4yblgehpZGzgl9usKyRj0ZhbB3gRBPZrtGY8otkmAUFOnp+ov+NYfoPkGhu8qhXp6qrINvTad92IOTx2vu2Z74Ipg6S/rgRCsL+9CBiPLt9ErYHvyboPlKWDatlyJ5EkjkD0gJ8Ywp8KC7JMKEcMKhSRcfPmdENJzHu/rrYBL6F+eW4sWQKyVFXj+MuBGw5zr/8esSb4krYkcP3BO8KYCE94Tmjco1Y5pGIURHQX4pH+UuQfTkF+ZPCTj68g1asKn8CYrS52XCkWVHdovSylf2xmss1p2dFAQrytB/X/oQGoSVbgzs6ygb9H9WsdG9JxebfjMjvDrtH4pS2nHx4NRGJd895NdZvtIh8H/2wiL9OPHBESMTqpM0QfLqKcT3LGAkkoBiRmWt7CTRsLexo7/zfgIrY8k9ZG180v2rDyIW4ubU3GVPl0Ap+Wcrh6QXFO3sweWE46TUJUxoMAVK34O3ns2O4bMd5VMAHtdq6TU5SX1VI5ELE9uz2uf4lN5Boy8BusdvThfeqckmLlZKO7tcQE4qM+GPMlwvEup1QiFMZG0TC2V4niiOnZVMgN+lmfvvYZ+VSEjA5KkbIE363ekgAvIb5Yot9vAITZVKDuioZx0KER/lFhw7k+u/zvDzCc8wtvbx9uEj9kTFy+TCsSXxnmKGK59PmLGw89ZWaNHsWStmNnSj3OoRPTRoaz3HqMC6xY0Ik6FwNr50S1+NaYaLPY6GXw1Pmq2c8Gbznrbd8+IbPj//nl3zlyMI+cpYhvVijS8QtFQDBg4o4S+54hU3LxwoXQgk=
아이폰 13 mini 자급제 256GB 스타라이트 Apple,"997,350원",https://adcr.naver.com/adcr?x=z8Du8LxeMSKctJAIyby6uv///w==kCHBN8uKbeF75WgSDeskr7GIKyu35qeHfGvqMrKF5MAb0yuBg73Je2YOc0p4AhQMMSDbWHUFQQ/74HfG4E0V5NOs08Axk7Pen+1Q1rUmB1/UOWU+0ope4rSs63/7AVJpahIaHWOwjhSBSXiZGMBkqLKtwBMhgG/O0OFFFRZ3tHhXZfxpSsovymxozl4i970Gj0H0NxZ7JgKoqCXAJlGbQe+kdfRV52xhME4PQjAl4xAcnT7YndsCZRlZid/MeEdeMMELqHhNc4FAVSslJrVAPomQRp+hL5LRcEXefxPeuw7kOktgMs4oR+MC9ekv+9ywKdPga+qL8HUXlbXahDazkMSesQv6r/VWZfpML6mSGYRMHCHHvx61ikD8m9K5/JXKvhnk9GM/UquaP1hu798sp/Tua3kex6q6CPMG4MWlxv491ow6R8gM0imlLj862DtKujKxArYayRt4328YgItTeenedVZtFzPMt9gGrcx2mIoiPXraurcwh3FvyzYIDYByvzNMzI80QywcfTNPH+8q9LUNQpnfplY6MY65FuRdc4DiFlihXf4zKu8NNpdcREAlvuXrtEgRvG4v+b5c4fZEM6nvwFDabAM/uwe9pTk7VzUvyfdM71vbS+y0R0tWe6PNC2/O0VzpxiZlHO2FX+Asf3ZJVc7zbREokw40I5YIkFKE52MM009xXErVQ4xqcXE7wwRuqanXfYhJVLGXz/HpUkRRDLJSfg9F5zotmHnMdNN1PMoFNMdA+lzdPzrkAti9vbYWZWpk0nyQZVjq8JPagfXgG980iSplcPAUIAke+08Xf/C4dUe3Glj80PIDWaYoQXbzEzQT/nimvbSWZZoRhiKFiPkQakdsjlFWkcwLtmfKcScjz3RVOC3Bt6CP2QWvKD2Zos4JI8m9VrRFHbxiuXw==
Apple 아이폰 14 프로 256GB [자급제],"1,529,830원",https://cr.shopping.naver.com/adcr.nhn?x=p52t4nxjO9R5rWEip8LRh%2F%2F%2F%2Fw%3D%3Dsp6Bn68KgImlzpBFDs6Klh3z%2BSPQbXQ159TXVScD1%2FPlyoYErd7Wx1dfdVO6hh7qVoDlOpLgQ6NsmL3hNcI78jhE5dS9ZTOKP%2BKnIwcDVIN%2F7u%2B%2Fcrr6vo63qjkG8CIrXARTbUWDxA%2BcUzr49vyJSwcv%2BjB2erv%2BZ%2Brrs5VHOiTQgGE7%2BZatKjf5hEf1XctkK0QXxmaieMzqrqUBjb2tAgpbkCnZt3PKDnGtnPfTpWXW70X%2Bc69RDUtp4VADkWf9%2B7HcKXPZnSFGry4Ektp8lwsv%2BjB2erv%2BZ%2Brrs5VHOiTRLlIk0uAh1LVcUK1nkYRMYHAYvHQTqt9f541NGjfKoVZ3o9s%2Bdz1EtU0lCGMA9yI8bV9SohnsJOp40F4RSK4iNxmdRBemWtCpCe2GXqnmttC6UxJeah0Om0lkIOZtT9ZLxLbU57LuNzmnFLwGq45KoRi%2F1GOvghhoY1NDq%2FF%2B36nqO%2FJJZ0C6p0MGfnHM5LgijriJ8H0NV5nx9%2BVr0aUV2NBcC21TceWUhBsVJVjJRDrua7HybfZUc22TnxHvJTRSIDf9TYDOC4LzgCehLsur5nbIfwz0T%2BFmgU8Sv6FnH7zMjFuaVY20Of2ZRYWSiENvke%2FVP%2BgM94BPZkP5YJ%2Bex&nvMid=34561756621&catId=50001519
주파집 USB PD 퀵차지 아이폰 C타입 멀티 듀얼 고속충전기 48W,"15,850원",https://cr.shopping.naver.com/adcr.nhn?x=yBxkrQVZUJBmBiAoj4vWBv%2F%2F%2Fw%3D%3DstctuphLopO0D11TUaSGKYIpONn5UAx2zQURvj7PJmTUAjU5j3gjlMYsRq8%2BGHFpSa%2Fs9hFmPm9rXDfQlANP8EvMSRunMJtBqMCZuiHfZ4INnvl398cg8%2B3swKBZKXuIcB9hJjoMI%2F3s2bNVXTXMaAN9%2BKy%2Fm0d%2BgYWHtEf61Jo5CNclKwvLyA%2Fys%2F%2FHPPajLL1pcu10JQ%2FiqtYQMR8AGNWNmcbgLr0lu2cCLGgyX7c%2BveCBZaqYtj1zvPLl5obaRTjmRRPzuYmeco98JIyolh99%2BKy%2Fm0d%2BgYWHtEf61Jo4AUk0tbEb%2BPaAR8Zvsauh42jFxawjWb1sS8EecJycvkYrsmGB7aywvI1Sz5iENoXPKRyvq%2BfDUs63OSxYfmA1XDij8%2Fgzv4yZ47AZjdHuILCH4EroWuigLrY0i%2FSNW%2BHZyL%2FgQ46oT2CttYpiyFEeAeuJrbZfblBhsWbtE5ICmzhMD%2Bio8hOMI5v10Z98riLR8Z8Apk9gQnD5dQMteqNq3OTm9umypykV7P9vjdTRR7C1V6JDherP4ChqCwmRZzY9BdbKjdKZwt1goJVknnD4Ot2zf8ZlNpKpep6zSsv6qFIgN%2F1NgM4LgvOAJ6Euy6vmOxdmSFTjvqpsSRWcoQIKYWBol3nj5gCYU%2BwRB6LX9xuR79U%2F6Az3gE9mQ%2Flgn57E%3D&nvMid=23527637490&catId=50004600
주파집 MFM 인증 2in1 맥세이프 고속 무선충전기 HWC03,"68,900원",https://cr.shopping.naver.com/adcr.nhn?x=nJDBxh%2FUK9kfXCubbabWQv%2F%2F%2Fw%3D%3DsOQPY8MkHVG2xbyxFR8FpRJ0R%2Bz0l9fvE8JiZS1CSEtPxTAJR5s3V3RheLYZrm3hThYLXLJBtWzonHknwjs%2FPWSqM8XvosdRLFWLg9m8nPFYWO2qa976oO2aYcP%2BMOpvUEDcsPhMvHfYTZlyCiwLgUlVd6Z%2BmZ5fvTALbBBPmfKIKuOP2P3h86n8hSq1Iw8%2BLpmvJmUN5F3UT16yAnjDXLzMYBx1AVSExF%2FJDG79qxZpZhFKYPeDfjrHhjAUkdZTW3rCdbX3CQXJv9rPGvTJTXFVd6Z%2BmZ5fvTALbBBPmfKLmnGLANk9TjQtjOEdf9xG%2FDukxRNXJ6onTWZAl%2FQeqqbNoujdiiNe5Aky91pn4j%2FJ5lTBtGkW131neFpA3Db8zFx%2B5fZlIHHtzRtm65wR1%2FLHJM06m8XkkoABSxxLFFemuWIUK9v2Ojhh8V9jo5Am7CRDGeCqYuqRCAZ12brq00zA0OxcEYYa1jxOjgkVHIwvypQ13RgzB5PlUEvWGDpfNHJSqEuSoDmt6ToMYIpBtzBhRDBH9sM%2BWW3plbOYD8jpLD0AGTu105T7dACp8RJctYnHIcETcJifOE8sb44IMxSaTLy7%2BENHnocQf2qiLoU6s0hpgw84XNiZwrMctSz8hxyAhEKTy%2B0Zvtn8oYxIR0Q%3D%3D&nvMid=37147995618&catId=50004600
Apple 아이폰 13 미니 256GB [자급제],"189,000원",https://cr.shopping.naver.com/adcr.nhn?x=uwCSecsx7NI58Zx3RBpJv%2F%2F%2F%2Fw%3D%3Dsm%2Bfs%2FijojK165gyskMaowsVf51U2qX53l%2F%2Bq644Q%2Fn1yoYErd7Wx1dfdVO6hh7qVvflXUwZyH8IFhEdRYbp4ShE5dS9ZTOKP%2BKnIwcDVIN%2F7u%2B%2Fcrr6vo63qjkG8CIrXARTbUWDxA%2BcUzr49vyJSwcv%2BjB2erv%2BZ%2Brrs5VHOiTQgGE7%2BZatKjf5hEf1XctkKH44md2DnHUZj1xMBh7dKLJbkCnZt3PKDnGtnPfTpWXW70X%2Bc69RDUtp4VADkWf9%2B7HcKXPZnSFGry4Ektp8lwsv%2BjB2erv%2BZ%2Brrs5VHOiTRLlIk0uAh1LVcUK1nkYRMYHFaUMapoF6WnAj0kAL7yUG0mmFAEeToCuOR8ihX%2BdK8bV9SohnsJOp40F4RSK4iNLAnr%2BtLsOQtL6ziP%2BeRyKy6UxJeah0Om0lkIOZtT9ZLxLbU57LuNzmnFLwGq45KoyXgQh7aiHXCa5cG17JvM5nqO%2FJJZ0C6p0MGfnHM5LgijriJ8H0NV5nx9%2BVr0aUV2PnMkTfaYzb8WmSpC3q1lrv4zyPbXqYpmO7J1HFTzFtlicchwRNwmJ84TyxvjggzF7wXMw%2Fp%2FRXGrB5QQgkGUfhf18xkhzD4LmcJdWLhwxW%2FHICEQpPL7Rm%2B2fyhjEhHR&nvMid=29030437590&catId=50001519
베리어 15W 3코일 듀얼 모션 고속 무선 충전기,"18,900원",https://cr.shopping.naver.com/adcr.nhn?x=urKonAnEacWdCPf%2F8KxoEv%2F%2F%2Fw%3D%3DsYs0MadkLmPkjRy3dnyMeBG%2B6z2ucdYTndXU3o%2BYV%2BewAjU5j3gjlMYsRq8%2BGHFpSPZY7e31nJ4p2BxjoQ27sUPMSRunMJtBqMCZuiHfZ4INnvl398cg8%2B3swKBZKXuIcB9hJjoMI%2F3s2bNVXTXMaAN9%2BKy%2Fm0d%2BgYWHtEf61Jo5CNclKwvLyA%2Fys%2F%2FHPPajLeVmvhGDHHboj3XkqprAXyWNmcbgLr0lu2cCLGgyX7c%2BveCBZaqYtj1zvPLl5obaRTjmRRPzuYmeco98JIyolh99%2BKy%2Fm0d%2BgYWHtEf61Jo4AUk0tbEb%2BPaAR8Zvsauh4V8UY85EZ2luPgyiJub0Y9eGmEttqhJ6koDUgqSG3LmTKRyvq%2BfDUs63OSxYfmA1X6g6lvS2%2FrziSftcRXoGyqNWC%2BxB1IkWmLpmqcnj%2B5%2F5O993WpNonzmFwGk9v1BzNpaJMQsiSae5JlQQuI7FqcMhr3ynd78%2FVrtUWNah9NTlLfeOSKuFnL2nAxFX8VxyJ8jR8gVF8FlQ9pItE8Zzc8o7M6Od%2FUr12NXrcyr79HraT9p4PceMWuQkPkQYhjxsTEs8cFUTVf2EXpmSuc9bAhLorLGTG9a1sqUO%2BnWY5PdoDTmpcOVeoZrsEdCeFznMsaGimR4pR27mrh1IoDTOSgA%3D%3D&nvMid=24567870522&catId=50004600
Apple 아이폰 14 128GB [자급제],"1,117,790원",https://cr.shopping.naver.com/adcr.nhn?x=chcJJHHOrbaD0lyfqDJWd%2F%2F%2F%2Fw%3D%3DsF8EBfF9%2B3SfW5lK8zdS2dS4MvXib77gh2M8mSRIGrz0ksXwEH1Ig1UJg2fSjEwkD2kQdemq9mM4t51LIoT72rBewZdlIZMf5z%2FzKGE2eTo2KhiRSGT7rwkU6d0F7Da%2FgZcizn4gSe1wUJHxzyRlH7bngnxQ7ssMZd09T0OjyjIwCGCq%2F4Y0FPpslCVCixIUDFAJNftaKABj0LEpWA%2FlyKDX9%2BvO8%2BmWiKajsR%2BGu%2FinseY8mzlxTMxpl4LPH29BbaQrqhVdY8Ei6LSfBGYfoXLngnxQ7ssMZd09T0OjyjIxearTBvydD1LUI3JWpCADI608l3AxjhJfSgtXPazvK41C8IvS%2BNPsEPJ7D6mlNi%2F71weJu5wrfvRUFgIuwANioOikBVwDzrD%2FipLS82HkY0Etdy%2F0DPgmbquq6SjnyPoOyovKRC4aHTXKUgO0QOirGEbiZk29oqVXRX%2FqIUrceihRXFEbiV3APX6QTg2BI%2BLo5fqI8D6aMqJpCTTErhE%2FQv7sCCe4bJUhI4un09V%2FIuQGE2Dqk7%2F7DptJHBb9246SlNWSFvDXsPlGXKNXKSm9hXzKYtdFtbTTfZ7WszNbB5wN%2BQsjK6V0FLd%2Fybx7qcubNSE3OzZUT76KyqzckASmm&nvMid=34561821618&catId=50001519
Apple 아이폰 13 미니 128GB [자급제],"855,000원",https://cr.shopping.naver.com/adcr.nhn?x=2BsSLdveJsITjn33zLl3Z%2F%2F%2F%2Fw%3D%3DsawicQ4oEPrGxGcSf6dpPDteRER6N3X5wiRptIyGSyb1yoYErd7Wx1dfdVO6hh7qVAa%2BMoLHj0JuVgArmyyGyBxE5dS9ZTOKP%2BKnIwcDVIN%2F7u%2B%2Fcrr6vo63qjkG8CIrXARTbUWDxA%2BcUzr49vyJSwcv%2BjB2erv%2BZ%2Brrs5VHOiTQgGE7%2BZatKjf5hEf1XctkK4jabIZo6ulfp1qDHgCN955bkCnZt3PKDnGtnPfTpWXW70X%2Bc69RDUtp4VADkWf9%2B7HcKXPZnSFGry4Ektp8lwsv%2BjB2erv%2BZ%2Brrs5VHOiTRLlIk0uAh1LVcUK1nkYRMYsZWsNMguYN%2BWv31%2BxwFJ3e6T3bDtpWlCEOHcbcnbPa4bV9SohnsJOp40F4RSK4iNwRBWHSp%2FyllHKF%2F8gBgKVC6UxJeah0Om0lkIOZtT9ZLxLbU57LuNzmnFLwGq45KoA%2FNC85CmS1GfaepoCX3QGL2VsIAdSBjHtTdXYc693jejriJ8H0NV5nx9%2BVr0aUV2gogCxBVcUB%2BPO%2F80Ds2wql7jbpNurEjXmS0I2YsNBLticchwRNwmJ84TyxvjggzFyV5HMiA94KfDORN7p7enysLsA9fjeegehySp%2FdHE9EnHICEQpPL7Rm%2B2fyhjEhHR&nvMid=29030650586&catId=50001519
Apple 아이폰 14 프로 128GB [자급제],"1,371,680원",https://cr.shopping.naver.com/adcr.nhn?x=DHxk%2FHL5dXwzYQyaEmRA1P%2F%2F%2Fw%3D%3DsRQf9zdnQZCZXDmNusVfYjJt2D2mUCe5kVc3JEm9SOexyoYErd7Wx1dfdVO6hh7qV2lfNgHi9c6xpAp%2Bj7njKSxE5dS9ZTOKP%2BKnIwcDVIN%2F7u%2B%2Fcrr6vo63qjkG8CIrXARTbUWDxA%2BcUzr49vyJSwcv%2BjB2erv%2BZ%2Brrs5VHOiTQgGE7%2BZatKjf5hEf1XctkKKO0bq%2FDzsyF63CNzCqRnoZbkCnZt3PKDnGtnPfTpWXW70X%2Bc69RDUtp4VADkWf9%2B7HcKXPZnSFGry4Ektp8lwsv%2BjB2erv%2BZ%2Brrs5VHOiTRLlIk0uAh1LVcUK1nkYRMYjT79B%2Fv6XJY7hUtkvpGrxpCUqhNbugFHlLh7n8V5E%2BIbV9SohnsJOp40F4RSK4iNSE7QuMh%2F%2FjPKnoPdXW%2FlDS6UxJeah0Om0lkIOZtT9ZLxLbU57LuNzmnFLwGq45Koxp4tdAFipZBK9xpYAiqCdL2VsIAdSBjHtTdXYc693jejriJ8H0NV5nx9%2BVr0aUV2ZV%2B8p1ofNXQW0RSV9DJbKXswM6auOfzfw665olkaBNCIDf9TYDOC4LzgCehLsur5ZL%2FhqtrFjqUtR41xgSJTgJdbmhHCGg3CL4F81Bt5O7bke%2FVP%2BgM94BPZkP5YJ%2Bex&nvMid=34558906623&catId=50001519
주파집 USB PD 퀵차지 아이폰 C타입 고속충전기 XY18W-PD,"7,450원",https://cr.shopping.naver.com/adcr.nhn?x=7WxPt9d%2BekoDM92Iit%2FWJv%2F%2F%2Fw%3D%3DsEh1f61XjyGjgtdn4Q3i%2BUDHIXNRc5uO3QjDKIY4vXPByoYErd7Wx1dfdVO6hh7qV%2FRJKLyTMpVqFhObYzTLWXRE5dS9ZTOKP%2BKnIwcDVIN%2F7u%2B%2Fcrr6vo63qjkG8CIrXARTbUWDxA%2BcUzr49vyJSwcv%2BjB2erv%2BZ%2Brrs5VHOiTQgGE7%2BZatKjf5hEf1XctkKzREbyyJbkxWw%2BAj4L7pfPpbkCnZt3PKDnGtnPfTpWXW70X%2Bc69RDUtp4VADkWf9%2B7HcKXPZnSFGry4Ektp8lwsv%2BjB2erv%2BZ%2Brrs5VHOiTRLlIk0uAh1LVcUK1nkYRMYlXTBY9MP4vnzOB6frkLSmGgoIKsc0pNBM1PfaxgJex1WFA%2B%2BwZEMYKn%2Bhd837aCXQpTx0u7HqxufQ7JJmxuDqy6UxJeah0Om0lkIOZtT9ZKOKZizAq2w0NM5Wtf9WcXwmHNEhWgNbvm%2BOQC8yyySF%2BGM8RfX5l7Wvt5pKoiCYJWfao22DTbBmfkzN7Zga7gpLf%2BGqrpAp5ee3YL33N4Ngq2RaiariSrgDDTYUjCVujLksv3ll4AiLWmsyEFPAfOOAYTYOqTv%2FsOm0kcFv3bjpIpWkNq81y1vA0reeRzorz3M0sz7usS7oDy4QbYUXdUtA35CyMrpXQUt3%2FJvHupy5s1ITc7NlRPvorKrNyQBKaY%3D&nvMid=23180672490&catId=50004600
베리어 25W PD PPS 고속 충전기 ZX-1U33T,"11,900원",https://cr.shopping.naver.com/adcr.nhn?x=kLuEuvta%2BmAAhjvNXGS33%2F%2F%2F%2Fw%3D%3DsUmInA2mcCbpnkrMlVE9g36ITeM0MHJRHFnULx2B%2FcpsAjU5j3gjlMYsRq8%2BGHFpSN80crcZDkMDAOKgU%2FQJjIPMSRunMJtBqMCZuiHfZ4INnvl398cg8%2B3swKBZKXuIcB9hJjoMI%2F3s2bNVXTXMaAN9%2BKy%2Fm0d%2BgYWHtEf61Jo5CNclKwvLyA%2Fys%2F%2FHPPajL47IvRHuwj2kRXCgxs7UgHWNmcbgLr0lu2cCLGgyX7c%2BveCBZaqYtj1zvPLl5obaRTjmRRPzuYmeco98JIyolh99%2BKy%2Fm0d%2BgYWHtEf61Jo4AUk0tbEb%2BPaAR8Zvsauh4XekUXdccIG9slKHpRUnwqpkHgGS2f0DNBbAilS89eTDKRyvq%2BfDUs63OSxYfmA1XLLQ%2FiFpiqLlkFkyPDW29BtWC%2BxB1IkWmLpmqcnj%2B5%2F6HCOD57R0MT4Dlv4V2Kj5WITz4%2FA0KGBPAuMiK8uDA4hXtRw5hr0gV13DNOWXqWiilghtLDTW7LPeS5kK0SX7KgX5JdlTPCnFBONzyeMETiyy65Jdy8FtgsWyXQCHt2BKIDf9TYDOC4LzgCehLsur5%2FxUbUbffCxUdDPHjznoMWtNXRhok0OIl18NtFt0SDxNXc50eBITwugSNPH3Ok09sVpGw61BSdoQRvEGgfFlc5w%3D%3D&nvMid=24300385522&catId=50004600
주파집 USB PD 퀵차지 아이폰 C타입 25W 초고속 충전기 HC06,"9,500원",https://cr.shopping.naver.com/adcr.nhn?x=XbU5Q%2Fa05xlYM%2BH%2BVCcSJf%2F%2F%2Fw%3D%3Dse5S53MjucOt1thmWYoNyQflb8atiSWEei0%2BSIw8mnuLxTAJR5s3V3RheLYZrm3hTmPXEi9s1QZpuEBS1nW2jsSqM8XvosdRLFWLg9m8nPFYWO2qa976oO2aYcP%2BMOpvUEDcsPhMvHfYTZlyCiwLgUlVd6Z%2BmZ5fvTALbBBPmfKL392rcVj5mouEkJq8zyckj6rVHb%2FieNIQ3HKRL0v6MYTMYBx1AVSExF%2FJDG79qxZpZhFKYPeDfjrHhjAUkdZTW3rCdbX3CQXJv9rPGvTJTXFVd6Z%2BmZ5fvTALbBBPmfKLmnGLANk9TjQtjOEdf9xG%2Fpv2rb1se0d1y6vgAQHKnj7NoujdiiNe5Aky91pn4j%2FJ5lTBtGkW131neFpA3Db8zXKf%2FBtfwB86ePmdRiDsaybHJM06m8XkkoABSxxLFFel81X47QgmhwmCWucvAVw4J4XzOUiedV5TD80caqEO6q6%2FflWQl4GLAT9gowBmZkJJ7ViEiEYkFEAzK4g4a1m%2BGMRuIjF4h60GmJGDX9vkym%2BpOiKKQoHR7nbpMpJibjgsoMktxy2pk6DJnzLSYzFsDUTeuJgZvRvEK7gZCw3B0%2BuFjpDA3qWdjYSfNsO2C8YJEO4sjVQkrq5sVp03Shizq86euOFlqYxGW3xtmz76xsQ1QmAmnoJRdq4K9btjkCM0%3D&nvMid=29535316618&catId=50004600
주파집 퀄컴 3.0 듀얼 고속 멀티 충전기 36W,"13,800원",https://cr.shopping.naver.com/adcr.nhn?x=IzMIgOjo2xFJGsoZVo4Gjf%2F%2F%2Fw%3D%3Ds9y8CvDMPcRaU6rDB6D7z0vqVbFiVgGs1YadAng4Vk9ZyoYErd7Wx1dfdVO6hh7qVj3EqV7iIwvkmz9%2FE66Ej4RE5dS9ZTOKP%2BKnIwcDVIN%2F7u%2B%2Fcrr6vo63qjkG8CIrXARTbUWDxA%2BcUzr49vyJSwcv%2BjB2erv%2BZ%2Brrs5VHOiTQgGE7%2BZatKjf5hEf1XctkKVcO1ARdEFbuPfY7g%2BZ9fJJbkCnZt3PKDnGtnPfTpWXW70X%2Bc69RDUtp4VADkWf9%2B7HcKXPZnSFGry4Ektp8lwsv%2BjB2erv%2BZ%2Brrs5VHOiTRLlIk0uAh1LVcUK1nkYRMYL%2F1KZBrITPfqfGix6PrjvSdw29MtgWojygKv%2FCpg9T1WFA%2B%2BwZEMYKn%2Bhd837aCXA4WD9COVsCQ%2BhKu76sMBxS6UxJeah0Om0lkIOZtT9ZIlns4xCJnZTwD6px8rxPtjvUDI7GOV%2FcNuryUi7blESl9EknaR8iOZJrlhADGC3TjIR39c66yOKZMuK7OhtdceLShDIoLct2%2BHe8l9h%2FPmRYPliYHE%2BU1vpb1886PEv2vC0hiHfmfzmAI0X1cC502K7zocEt%2FJHKDTg3CvY%2FxNoX2yxWN0iNZX0KXE0iZlReZ1fBzWP1h8AUzea0HpvoYrQdAiJdwXirBRdnaxfvrBbw%3D%3D&nvMid=21635643190&catId=50004600
애플 20W 충전기 어댑터 고속 C타입 급속(아이폰 5W 18W 애플워치 에어팟 호환),"17,990원",https://cr.shopping.naver.com/adcr.nhn?x=Hf1LNs%2FGkgysi8H2ef%2BCxv%2F%2F%2Fw%3D%3Ds4htUqupBg6KPmxAuy011rtCFaGEEnGmHpJdxqRrc4zdyoYErd7Wx1dfdVO6hh7qVhoFpBqfLuLnntokSANj%2BnhE5dS9ZTOKP%2BKnIwcDVIN%2F7u%2B%2Fcrr6vo63qjkG8CIrXLQn5oqVq4hJEOZogVwnkecVIhUTYq2J1wF4XcKD2AOWkOA3ZateG%2FY8eKxwX1E0NDzYz4Bt0Zoaouoj9ZO9Fft6wnW19wkFyb%2Fazxr0yU1xVXemfpmeX70wC2wQT5nyi5pxiwDZPU40LYzhHX%2FcRv%2BF4rAKOp9RMvTnzhYtj9sH8LjknmqmxBWFjXDX4cTzbVhQPvsGRDGCp%2FoXfN%2B2gl6QCXQuxhaPO6vwM8iuSXU%2FN81WjUpxJVJrN5mDsz4Bp4xXi%2BKHOoePhC6n5AfwsxQUf3LbccG5h4d7NuEDznuxa4shEpSBWfRk3THfnUmYafrdPkIPbjAX8oo06qgXlwZFwtJhqgGQ03xvjtWBz8nzOZLXdLUs%2FkDDb8l6Obo36nkfcCn94XE41s1GpebtaBf9uXCM%2FPTSnl1kAD3iszzdW8NOrWnw6zgvyHKXoMT60p2arrNhlTf8MgBtZCrktLbQPQp%2BFKialwr1aw7PpX0%2BvkZhXIonEQZaQOuy5z7Ke7yoV1n2PvIbUjbASbHn%2Buwau4fTwOUqyF63FjwpQRls%3D&nvMid=83762501308&catId=50004600
만렙 아이폰 무선충전기 애플워치 3in1 호환,"32,900원",https://cr.shopping.naver.com/adcr.nhn?x=4Wm2Xo%2FzaAsGvAbJ1aey2%2F%2F%2F%2Fw%3D%3DsaJFHZPIC4ptTskYD0CbgTK4C9Z23WyqejAGLiOgkSJIAjU5j3gjlMYsRq8%2BGHFpSUwHXyoejJ0iKgR63IQu3P%2FMSRunMJtBqMCZuiHfZ4INnvl398cg8%2B3swKBZKXuIcB9hJjoMI%2F3s2bNVXTXMaAES%2BortKzfQDWBF5GV%2FKfqEhJv3ljJo79VVIpj6%2Fm3WOQ%2BSL0wy%2Bb4YJCNgKJ9fjd%2Bx3Clz2Z0hRq8uBJLafJcLL%2Fowdnq7%2Fmfq67OVRzok0S5SJNLgIdS1XFCtZ5GETGLEXHd2lbUbMsukJGGqUtQqkU29kO%2BIswctLYa4gjfdHykcr6vnw1LOtzksWH5gNVwvfWClNHyIg1aZBWVysGueZO%2FwR3QbAvlpgBfhc1kOKSTd%2FZvF8oIVyPWWQCUHH9%2BWhyC1Bef8gX3qBQ%2FSe4Ie4%2FKJnTKPfBE8%2FdL8kgr0rm%2FwRK79cytFRHDjl80G5qo2eLfOhpYXgJOCYpsr6c59Jcxm6sV%2BuC1XFGooehLDlKYTOF5KsHq%2BigGAc1pAeZz7whTB5R%2BiFaiyGMIJFzK2mPR2Q3VMdQHynXRGZkJ5b39KOL7prUwBjBhtmb%2B1TEs2OqH9l6YII5ugOGfB4CYY%3D&nvMid=82627738066&catId=50004600
Apple 아이폰 14 프로 맥스 256GB [자급제],"1,681,500원",https://cr.shopping.naver.com/adcr.nhn?x=ytL8r83te9d2QYxe4IRHKf%2F%2F%2Fw%3D%3Dswx2OGfPEiMfNAcft05DAAzq5tIFr1HaVet6TwBZkFTNyoYErd7Wx1dfdVO6hh7qVexN5AVOgOPDzaRdXb4hM8RE5dS9ZTOKP%2BKnIwcDVIN%2F7u%2B%2Fcrr6vo63qjkG8CIrXARTbUWDxA%2BcUzr49vyJSwcv%2BjB2erv%2BZ%2Brrs5VHOiTQgGE7%2BZatKjf5hEf1XctkKHX6rotZQy%2B%2Fk69NMVVTwK5bkCnZt3PKDnGtnPfTpWXW70X%2Bc69RDUtp4VADkWf9%2B7HcKXPZnSFGry4Ektp8lwsv%2BjB2erv%2BZ%2Brrs5VHOiTRLlIk0uAh1LVcUK1nkYRMY52gxh8PZB%2B8Dv4vPjZoWicnFrN04wx1b%2BHNUqrF7rbkbV9SohnsJOp40F4RSK4iNzEFpQzGr1Ggm6WO2%2BR1Pui6UxJeah0Om0lkIOZtT9ZLxLbU57LuNzmnFLwGq45KoK1tTZOtYJS0aJBRTHwTQGBOlmDkRVNLk%2FLf6HDpZ%2BbT1JtnyFV8OD7Bngtl8x0QvWF8C1sKHyE6WqXKmnlI%2FuktCqGUcqiuWtUzMXlOikY2Uy967mlSa3mZfqZTLi6Dqa4mJBeKQVvWEWsuXyfvDHNhq1vMR9cwMtRGgbUsan7gpD4ADLWGoe8Wy49wi5WKwHRyPBWbUFRhWScTsgQynPg%3D%3D&nvMid=34561927619&catId=50001519
주파집 퀵차지 3.0 usb 고속 충전기 QC-JC100,"4,200원",https://cr.shopping.naver.com/adcr.nhn?x=3b7%2FMKxlzM%2FZUk7j1Lx33f%2F%2F%2Fw%3D%3Ds4mAD3uLNTiTvyZJsghsYm3FUzK6BDOFAwXVxGpItffjxTAJR5s3V3RheLYZrm3hT8X6les1SStProcxYPOKGRiqM8XvosdRLFWLg9m8nPFYWO2qa976oO2aYcP%2BMOpvUEDcsPhMvHfYTZlyCiwLgUlVd6Z%2BmZ5fvTALbBBPmfKLYnQ5lNDe35dlwbWSMIShD1LyLjTXVcZ6Br8QghOM9hDMYBx1AVSExF%2FJDG79qxZpZhFKYPeDfjrHhjAUkdZTW3rCdbX3CQXJv9rPGvTJTXFVd6Z%2BmZ5fvTALbBBPmfKLmnGLANk9TjQtjOEdf9xG%2F3meU1GhPHeBp9xFwEr4mWbNoujdiiNe5Aky91pn4j%2FJ5lTBtGkW131neFpA3Db8z6Lwcr6kWTwY3Vu90StBJarHJM06m8XkkoABSxxLFFeke5nxoWYNUlarjFwiSOMZy384mZNJyRFpzPdHxYSkBaXJm8jlKJ2hyFJweMh3cVpeK3y%2BLgVDAiZwnJWmcxRGi6v88cTYnj8wrOouHDcV7QUx2XrjCkGWlWhrXhi%2B8oXGIDf9TYDOC4LzgCehLsur5rmgevmMEzWEnQFA94kHSYe8tgkO%2B9Lsh7wBIF5McnflXc50eBITwugSNPH3Ok09sVpGw61BSdoQRvEGgfFlc5w%3D%3D&nvMid=19866463352&catId=50004600
로랜텍 맥세이프 고속 무선 충전기,"29,800원",https://cr.shopping.naver.com/adcr.nhn?x=YKdnCy9nwuVA%2BL0pciMsC%2F%2F%2F%2Fw%3D%3Dsao9xuN2vKMunZjxpiVW7b54S9nyzYRu2z%2F5GlYtKmeNyoYErd7Wx1dfdVO6hh7qVFMI2y82%2BBzWYFT1yFldwLxE5dS9ZTOKP%2BKnIwcDVIN%2F7u%2B%2Fcrr6vo63qjkG8CIrXARTbUWDxA%2BcUzr49vyJSwcv%2BjB2erv%2BZ%2Brrs5VHOiTQgGE7%2BZatKjf5hEf1XctkKDNCCp4Z1cwWs6d8sgJM%2BBJbkCnZt3PKDnGtnPfTpWXW70X%2Bc69RDUtp4VADkWf9%2B7HcKXPZnSFGry4Ektp8lwsv%2BjB2erv%2BZ%2Brrs5VHOiTRLlIk0uAh1LVcUK1nkYRMYXdFyfSNnAUyJVY%2FgY7pME5CUqhNbugFHlLh7n8V5E%2BJWFA%2B%2BwZEMYKn%2Bhd837aCXaJhvaKpo%2FW%2BEV8VhT4484C6UxJeah0Om0lkIOZtT9ZIIML8a%2Fpwhgd3jp3d0bmyvBzBgagQe2DzH8q3UNwyyM0t945Iq4WcvacDEVfxXHInyNHyBUXwWVD2ki0TxnNzyqUhU2TbrKdHqKdbVwz7JLRrhXUsB5gDoQbK6qE71lnwSzxwVRNV%2FYRemZK5z1sCEjBj17juy2EC7vkb4jx%2Fw2Dhw%2FQwOg5DTLiXl04Gn0JfNjqh%2FZemCCOboDhnweAmG&nvMid=36928472618&catId=50004600
아이폰 충전기 애플 정품 20w + USB C 라이트닝 케이블,"39,900원",https://cr.shopping.naver.com/adcr.nhn?x=t%2BbkhQM9RNjiDMOdaypjEP%2F%2F%2Fw%3D%3DsbvFsYd5zE27IzZ2ZCztTRvFSVu2FrnHbGhDXipQZUadyoYErd7Wx1dfdVO6hh7qVSTU648olAY8OYkEtAKAsJBE5dS9ZTOKP%2BKnIwcDVIN%2F7u%2B%2Fcrr6vo63qjkG8CIrXLQn5oqVq4hJEOZogVwnkecVIhUTYq2J1wF4XcKD2AOWkOA3ZateG%2FY8eKxwX1E0Nl8djcYPFhYvXZJZRL190rN6wnW19wkFyb%2Fazxr0yU1xVXemfpmeX70wC2wQT5nyi5pxiwDZPU40LYzhHX%2FcRv9WUGZAz4PfLFSAvEQMWW8GY37HiK%2FLO8bNbo1UaozDgKcITalxUmtmM2l1%2FlMvO3eHOnYkWseh%2BXsp8fgn7tsKMHn7BDBNaqXNmoKbAeTMvmdcp%2BRinTjZLkOD%2FW8BXPaZz5ZLh4ZS52NnzkuydFe%2FTFwu%2Bd5ZKO%2BTnqsicqPqwuGcULNOE9Zfx%2FK0awJn7OB6NzIvc4o0OEPEnXx7adpn36zNZmcc5iktKIfa9dHSMq%2BERtOre2dpM2Tr3Xv6TA4wjjlA3UIZMBBRMz94Ngi64DYYGsq7sf0nI7eV1MW%2BRDfqW4FUdPeydeMHV4aGVyPOnrjhZamMRlt8bZs%2B%2BsbENUJgJp6CUXauCvW7Y5AjN&nvMid=81386643349&catId=50004600
Apple 아이폰 13 128GB [자급제],"1,057,300원",https://cr.shopping.naver.com/adcr.nhn?x=L6qQpzlyZyxW9MAv3j4%2BXv%2F%2F%2Fw%3D%3DsLAEfOgfYQzeKN1X%2BYkd0Ya3ws%2BNCQGiiRjhgVJ22MrIAjU5j3gjlMYsRq8%2BGHFpSq7RfLNAXDvP5QZtSOgZ%2BzfMSRunMJtBqMCZuiHfZ4INnvl398cg8%2B3swKBZKXuIcB9hJjoMI%2F3s2bNVXTXMaAN9%2BKy%2Fm0d%2BgYWHtEf61Jo5CNclKwvLyA%2Fys%2F%2FHPPajL5rmSYJSQ7Q%2FSdegndTkuDGNmcbgLr0lu2cCLGgyX7c%2BveCBZaqYtj1zvPLl5obaRTjmRRPzuYmeco98JIyolh99%2BKy%2Fm0d%2BgYWHtEf61Jo4AUk0tbEb%2BPaAR8Zvsauh4AnwLEsWVsry57ObLoK9qzJrYY8BgSJdiYtAlVz%2Fen%2FTqdi3Q%2Fm8V2A5jR123nAwZNfmUOLVK%2FQxGqCna6wDvzLFJegG5cjolqXymF9sHTJBDk2nHMP4aHVCx%2FcONoE3ucVl9zsZvbcebfQHqQGTPjg9Uv7%2BuXk8s9e0jSRo%2Fw%2BSYp14Qx1Ru2bMMjgBrsdBx8muRoHqEpIhd7W2ofxHnq3xhz4u1TKaV2di%2F7HnSNKOOv%2B%2BG7P8zZs54SDuTec41g6YdfI80PQWrzqiZZxcDWMem9rssjJiHapo1Iu%2B0MyhoaKZHilHbuauHUigNM5KA&nvMid=29030374587&catId=50001519
Apple 아이폰 14 플러스 128GB [자급제],"1,188,000원",https://cr.shopping.naver.com/adcr.nhn?x=ZUnxBaHp6ndY1Rb5Z14Dpf%2F%2F%2Fw%3D%3DsYNJgee1Xnj3%2FPG7ECa54ezAykPC%2FodEUcgAOPJUIu2nxTAJR5s3V3RheLYZrm3hTPdVCsMiQerAG9Unr9MucvyqM8XvosdRLFWLg9m8nPFYWO2qa976oO2aYcP%2BMOpvUEDcsPhMvHfYTZlyCiwLgUlVd6Z%2BmZ5fvTALbBBPmfKKKxlQkPi79KoMGnSewm6MVoGeRG8VDt6RCNesQU0Lj0zMYBx1AVSExF%2FJDG79qxZpZhFKYPeDfjrHhjAUkdZTW3rCdbX3CQXJv9rPGvTJTXFVd6Z%2BmZ5fvTALbBBPmfKLmnGLANk9TjQtjOEdf9xG%2FjQku9Ql9c%2BrrjWEvev5he7NoujdiiNe5Aky91pn4j%2FL%2FRfyAUEGGvquedOTk2ras6NLPZst4pfDuarUj%2FyiolLHJM06m8XkkoABSxxLFFemOsyh0bwCm%2FIOHaD6%2FrVAHlTvDO8TRzjeqi3oV%2BEUASL2VsIAdSBjHtTdXYc693jejriJ8H0NV5nx9%2BVr0aUV2sEjkFmktu8sDOeU94BS0oFtknp3AiFNpIIq6GZo6GgeIDf9TYDOC4LzgCehLsur57Sjv4vW80pq%2FM2yLULys6F7E1U5LhUXWgvUK0N30uwJXc50eBITwugSNPH3Ok09sVpGw61BSdoQRvEGgfFlc5w%3D%3D&nvMid=34562379623&catId=50001519
Apple 정품 아이폰 14 Pro Max 자급제 스페이스블랙 128GB MQ9P3KH/A,"1,540,000원",https://adcr.naver.com/adcr?x=ikC08IAuPPfNAcoPdrJZZP///w==khfeMqqrCg8nubnt+58G6+S29GD4H6jRsVd5TWL2VoBlLSPrDV9HntYf/KTDgHgvvw1Fa6suZwXvQ4cyzLXD0eGKGo9O73PVba9VcGSCHgUdK74c2uuPdvcBInQwigO0mKXoZAtWa3VcHU3dAphQfRtxjmRURjpyhW4GRSidtG/UrIWp7okKsOx5D26E0CpwyFXRhsYEQX+nuL7MrL8CaO2KDWt0AVt1tFgz03RKSH5nhYwUR4Rc3WKs2kBvJre3kdJooTFdAm8UgcuEWGSXdX3POC7+WA886CpB514izOyrL1ECgj8Vbhds9rleuPwPCxIqHOLRp/yGbtrfdhKDTmssHwLem61ZC4qIhvx1ucAA6L9bKpmu2eeol3U8J/jzICK2hUeJUVS5cjIWOTOpaUa+XsmwoXjgobASfyyysFHes6V1QywH1I5S+zFB5kgrjRtNbAuqWT7uFPovXXANUCroPU0YyR47NSdV05aSik2+PHx4eCsr61ty3jofX5yH95/zUI/UJ73Vqt1k3ReTqzCrA5RqPjAEmtXkP8oE6DHun5OEkG5meUl25zjMAMkUoAFPtvyG67BN9f4WSChzHU5EcDvnB7WWtfZ7LtiF3dShksdu/OzUFGn5F+f2/I87kZlVCSWdJAqIXCc52vwim/Ji7Pu22AlqsNCNhgF4KTJ38+qkJbl9qcR5iC2q5q4XspXIl6h58Cya9q1G+7RFmFgdohT0cXvuXhU3rXLwOIwlbVN0l01ov88wGnDU4YLG/co7yMZR83R9lzqopCTCX9weVvlVFG7oWuR5QSF2pM2Y7DGfr2u6iH9AQzhkIFPyfx8MRpgw+W4ISQEMh7pg6dkb1OzZFADmsVWQsvg74aMCrLoi1xf+abh1YslladNjkmiqDxGGyLnxWdzNNlztI9w==
Apple 정품 아이폰 14 자급제 퍼플 256GB MPWA3KH/A,"1,274,000원",https://adcr.naver.com/adcr?x=bHtPMQ7jtdFnJfRpiHeE4////w==k5bKQDqgrkjFHQie+ssPBSOyETiXXuSwz6aVCKrNnymXEpgbLJYOBcAulKnHHDjB3A6KYeYAOmTBSfZ4x4k815R3SiYq7TkJ7kC2nT5YJDp1CcO23CSaJiSt1fYEScCmGPEg8WBrk128XSMZFRdHLBnGEqYitOHc71F/zfA2wElJ7p1XglRlGq1P4k/X7c4YQGungsGGvXCUI13Y1G7l4nxzRFKEtjbF7Lf+l7A0SWF5npXurQdwcx9HkvADjPwJGNkyZFJ2zl0L+d7whzYXzImD803YOvdb96CDPbyrv2qTvSxuThfWX50S07mEDGVYifnRbKiVr4CS3jbeDfKke3tm2ipjNSdcrIN/z7hJkfEieyr+P1lTG2DxFmAAIdy7tBTW4FTSWEdfRNRRJfY+um6AEsorC8QHmNOyst8ZIO6qNb9E4nk1GKekr8bGmV4ty6Xzs3/bhMdAHknw4mwgW15s7Qt/4dsIRLxEAaIU07wZaFALBcQKA7XCsGr+nIsdObj+rVaQRmmh+lE1VDaG78t+mygq7LmfRmSFfL1gGXdfcbG+4wEe44V/vBScLXfT+B8fduZeldjqUe80IR8+cmBs+AAYejPMlOp4ve/GnrDqSpfzqMkJ3C9GSj+e22DnXk5q5nQbzDzWFRLEsc4CmXU7CNYbAF8M6m0n4HGvj+4KheCJtc0otv3SOIeaJMGRLqHJN6d6RoOrwuXgCaujyyfqHq4LJ7H0H2LSzkj4Gg1zlf/5FI91ts/+9mupySjyXROeN/9V03QFIXvKqdmZmOyfirGUWH97UbnsLQ9DYkPP2K7nkQGL7GnWd7ZagO1hpW4Vv9whfswhvYae5fdGLD7XUMZnHWvFu6Hn5QhmG5YJW5HsKU/Lpet9ZPyZHpWWXhJiBMNjUYon2//KruKhNTA==
Apple 2022 아이폰 SE 3세대 자급제 스타라이트 128GB MMXK3KH/A,"635,100원",https://adcr.naver.com/adcr?x=mYUDStPjK2ES5u/rpmFoxP///w==kCHBN8uKbeF75WgSDeskr7J8Gn4HJ06nO1TLkrJl1UMf0yuBg73Je2YOc0p4AhQMM1w33Vy5diyNbEl2IQY2VtfBlEUGrogko3cvfRyyTQRQHW/iWWT5yrBGCRN6V8AkREO2erXbiZSH1C6T43PcmFal9A8jOWot+GIUYPhkFY0UusY961soHWUTVnG4wPb96fK6hirqlFAszqkKU7gF47EBgNXEg6QjG9ujYUemzvA8Sgza9/8pGdd9M0O19vYglal90/H4/CT+ywYNI3vDjagyXKLwM8Id6Cq5Waw5Nc0b0FrWabnRFUgMnz8n7rRYv0FRYW1pRbkX/aBWphU0tkw26XoMFrE7oDbR6gHbMQSGxJ8wn33493joECv2yeu46LY8ZpoTLjDexZsOFoi6xJjlEJHqvsRLQvjqYBI+Y88mxixYgZEdrhpA08JC8IrvCKfR/5po+aQFYZ0JsK2A2bzkEHPs/gCpwI2te+9s48v4X0l+g6daXR3OLYFhvURmvfOzMCArQaIG6uYKjvfclLX3N9FZP3V9voCLlzdkjxvSP/6y4zgk/dQgaoVgS5xlcUDpRl9tCYLFM7jW0iswyalzwZBmiD1dvVLVEYJURNpHyyCOxjd2JWz3R6wK7zHqxCBq+Xk2bIZGPUnee2DUGE9xcMz43LhS+nVaNIpLqSQmSacokSjbTbtV+icGElkftVdZVYkAFsXPL36mZ8iSi7PLLgEuGbdtxdDfN0gI+qm258S7m+KzaB2ArcjxafZUPvUH7DI++BSKvkz0amLyzK4CIGpcMj2nVH82zdNY2JHXgIhdyeWD75mvgn0vYKtmUO+EjPAM0q5nnC5NedKyB6xIZaJDuyI4+jhAPOxZ4xN/lirWav8a0flewVsti1ZQixpawsyof4nigRyBF1RsxIhAX/MpCJNm5PRkzpdj3qkM=
Apple 아이폰 14 256GB [자급제],"1,253,000원",https://cr.shopping.naver.com/adcr.nhn?x=1dJLp%2F0FnPMJN%2F6aNIXJ1%2F%2F%2F%2Fw%3D%3DsDpJPGjdcBDYBVgryA0wEQOrb5AekXJoPhPtmQl9vAN5yoYErd7Wx1dfdVO6hh7qVN84NLA44OqIXE%2FgVbN7DFBE5dS9ZTOKP%2BKnIwcDVIN%2F7u%2B%2Fcrr6vo63qjkG8CIrXARTbUWDxA%2BcUzr49vyJSwcv%2BjB2erv%2BZ%2Brrs5VHOiTQgGE7%2BZatKjf5hEf1XctkKAvBFvrYrhycED%2BmS5gEARZbkCnZt3PKDnGtnPfTpWXW70X%2Bc69RDUtp4VADkWf9%2B7HcKXPZnSFGry4Ektp8lwsv%2BjB2erv%2BZ%2Brrs5VHOiTRLlIk0uAh1LVcUK1nkYRMY6QwtB10i4HEeoRh%2Feh7tAmgoIKsc0pNBM1PfaxgJex0bV9SohnsJOp40F4RSK4iNLF09L%2FC1YcMyJcKJepg9%2BS6UxJeah0Om0lkIOZtT9ZLxLbU57LuNzmnFLwGq45KoR9ZSQElEN1%2BWCZ8OCwCM8s9Tqme0YK6uG79Xy6idNiHlfowHcl1ucGiE6LxBjaayM4mxsQPPojsYApLBCobQxDzUaLji1QUfW5FQpucBI9CP9ozmdV%2FWs5eTR9VTjChbWi%2FwTIFWRX%2FBo5MPA%2BCHyz7mjpLFwsOMaUWxuUkfn5gOEsHC78VBLnFZh%2FnDobeN&nvMid=34563811621&catId=50001519
Apple 아이폰 12 미니 128GB [자급제],"90,000원",https://cr.shopping.naver.com/adcr.nhn?x=kCIqAZ6gGExXazNDSvDkCf%2F%2F%2Fw%3D%3Ds0WSbF5WUDtkKut76Zf2UwI%2FR4mByyz5NT5GtZ4uJEAByoYErd7Wx1dfdVO6hh7qVHStJ4Pv%2B7rKNqESed5AwGRE5dS9ZTOKP%2BKnIwcDVIN%2F7u%2B%2Fcrr6vo63qjkG8CIrXARTbUWDxA%2BcUzr49vyJSwcv%2BjB2erv%2BZ%2Brrs5VHOiTQgGE7%2BZatKjf5hEf1XctkKL5RjmMgqYUTf3n2RC3hmtpbkCnZt3PKDnGtnPfTpWXW70X%2Bc69RDUtp4VADkWf9%2B7HcKXPZnSFGry4Ektp8lwsv%2BjB2erv%2BZ%2Brrs5VHOiTRLlIk0uAh1LVcUK1nkYRMYz8M8wyGKRoUL7a4jbI4WVvP5bVHptupGdQJ9Bcu5HskbV9SohnsJOp40F4RSK4iNZwwvRZe0iYjoj5z20F8jJy6UxJeah0Om0lkIOZtT9ZLxLbU57LuNzmnFLwGq45KoXP6LhCCeZovdICEnyQpI672VsIAdSBjHtTdXYc693jejriJ8H0NV5nx9%2BVr0aUV2Fd1uzhVZpR4YxMAzwzfXtNvH92e1Kd2%2FCqi%2FwJwy7S8RpOFzCbaM6OU97uoPifjrdvBEkLhKpcmAtCsEf3a6vZGL6PXiZq8osZBI5pOhfa7HICEQpPL7Rm%2B2fyhjEhHR&nvMid=24452740523&catId=50001519
요이치 아틀라스 아이폰 맥세이프 고속 무선 충전기 15W,"14,800원",https://cr.shopping.naver.com/adcr.nhn?x=QbV6EkXIkb5dVxokMrowE%2F%2F%2F%2Fw%3D%3DsRhxACs%2Bt%2Fs0PrE8ZXcDysesrlnxnZQH8pnngtbsJq%2BgAjU5j3gjlMYsRq8%2BGHFpSdDHIyniist5V2Qd9DFZIE%2FMSRunMJtBqMCZuiHfZ4INnvl398cg8%2B3swKBZKXuIcB9hJjoMI%2F3s2bNVXTXMaAN9%2BKy%2Fm0d%2BgYWHtEf61Jo5CNclKwvLyA%2Fys%2F%2FHPPajLKCb7BNbQb3ZgnyVRFfPbLmNmcbgLr0lu2cCLGgyX7c%2BveCBZaqYtj1zvPLl5obaRTjmRRPzuYmeco98JIyolh99%2BKy%2Fm0d%2BgYWHtEf61Jo4AUk0tbEb%2BPaAR8Zvsauh4gaa59x6Ay%2B%2BSmB93tPDv6llnvYtXVqO169KMCAAwi53KRyvq%2BfDUs63OSxYfmA1X9He%2Fz49dvmkWM847eH%2B%2BSNWC%2BxB1IkWmLpmqcnj%2B5%2F5Dk2nHMP4aHVCx%2FcONoE3uzxjSla9rzonm2slkRnnPJeUIiihfxgcVGjNvdnNjdw0hb4tS9LkmxPc7g0ARfs%2FG6hNo9oGjBlFwfoyVSITWjy%2B%2B9WncZCtG0hS3mgpKOnW0YJ39fdKFqCvFXhYfi2vRiukXgQHh%2FOgSJbMFrA%2FjAvoLRdeTzJJo5DQ5ovPMjEVswH0tObY4Php8o4ZT1xwD2AmdKpUQ3iY6HGVoznkvJctVYavx%2B%2B8fWZa9SBc8rqM%3D&nvMid=26276275522&catId=50004600
뷰씨 GaN 65W 멀티포트 C타입 PD PPS 초고속 충전기,"29,500원",https://cr.shopping.naver.com/adcr.nhn?x=xtk8J%2Fd3rqaeUIzSVUH4Lf%2F%2F%2Fw%3D%3Dsju5%2BbbAyB2oh1wEWQxHMVD8DnsbM1QZD2cUwnxuEGEtyoYErd7Wx1dfdVO6hh7qVNGUCAhHuDWvkBxGsylvxFxE5dS9ZTOKP%2BKnIwcDVIN%2F7u%2B%2Fcrr6vo63qjkG8CIrXARTbUWDxA%2BcUzr49vyJSwcv%2BjB2erv%2BZ%2Brrs5VHOiTQgGE7%2BZatKjf5hEf1XctkKK%2BJYS7%2BjQ4TGMDTTK7vDzpbkCnZt3PKDnGtnPfTpWXW70X%2Bc69RDUtp4VADkWf9%2B7HcKXPZnSFGry4Ektp8lwsv%2BjB2erv%2BZ%2Brrs5VHOiTRLlIk0uAh1LVcUK1nkYRMYavBLB7KCgRlu7evvnOYUKidw29MtgWojygKv%2FCpg9T1WFA%2B%2BwZEMYKn%2Bhd837aCX%2F2c%2BWFGewPH8nxE%2FBIiFoy6UxJeah0Om0lkIOZtT9ZKEYcuY5x2wO6%2FvMTYIWsCGeRgJmQjHT7W10hyNvvPUhIMomYf5asA6Jm6l6BsLl%2F97ViEiEYkFEAzK4g4a1m%2BGkXjyUV77PLsjErD6tKsh567%2FiWlVWZlp1A8RY27rL5gQvHTQ2uz3Y%2FM8Y%2BUSEPVJiA3%2FU2AzguC84AnoS7Lq%2BRZXAHTH3gYRUwKqgDD5XpwZvgSZNDRiGoOaOI40mRVCV3OdHgSE8LoEjTx9zpNPbFaRsOtQUnaEEbxBoHxZXOc%3D&nvMid=24148802523&catId=50004600
오주주 3in1 무선충전기 애플워치 맥세이프 아이폰 호환,"38,500원",https://cr.shopping.naver.com/adcr.nhn?x=7afqvPHGaVnd1X2o2zkpcf%2F%2F%2Fw%3D%3Dsk5e6%2FgvZ3O%2BqhvlHJINPrNppYP8J9eS5qSICpzI6SFUAjU5j3gjlMYsRq8%2BGHFpS%2FS7v%2BdFF%2F10g%2F9j3tQVSQPMSRunMJtBqMCZuiHfZ4INnvl398cg8%2B3swKBZKXuIcB9hJjoMI%2F3s2bNVXTXMaAES%2BortKzfQDWBF5GV%2FKfqEhJv3ljJo79VVIpj6%2Fm3WOJTIujeOun0hkp0vUVD45vux3Clz2Z0hRq8uBJLafJcLL%2Fowdnq7%2Fmfq67OVRzok0S5SJNLgIdS1XFCtZ5GETGMCacmF0cIgM56jwXUfeqakSbqJkJ0gDfjASUwz4k9lqykcr6vnw1LOtzksWH5gNVwQqVMNzJAtsG2Scy%2BPDPyPUz210tAYA%2FdKslnIf19I94oeSa%2BxiEe0fAea67acsM8Of7mgZ7aJAOI%2FbARQvsagPd0YLpBszMqAn0NpTfAx6S3Mn2uslnBvEA0agc12eqkuPvaFZA6jLOt5P3D9giQqNni3zoaWF4CTgmKbK%2BnOfZpqwLrILe9bqF01hgxtP%2BimEzheSrB6vooBgHNaQHmeKWAtvOcru7JNxmgzV2a2WT2ZkoC2BQJCZ1%2BwIoU7o62yIODwM4okYrFtQVKEV0WnNjqh%2FZemCCOboDhnweAmG&nvMid=83310860700&catId=50004600
디씨네트워크 아이폰 C타입 PD 5포트 퀵차지3.0 고속 멀티 충전기,"22,900원",https://cr.shopping.naver.com/adcr.nhn?x=yyxbEnXWZ997hnGo%2F4jJlP%2F%2F%2Fw%3D%3DsHEeYN%2BStnoamj5o6VQl02LMalgJVaTkr%2FOdHL%2F65ZNlyoYErd7Wx1dfdVO6hh7qVjuuqtQURs4npWg7F9oUkVBE5dS9ZTOKP%2BKnIwcDVIN%2F7u%2B%2Fcrr6vo63qjkG8CIrXARTbUWDxA%2BcUzr49vyJSwcv%2BjB2erv%2BZ%2Brrs5VHOiTQgGE7%2BZatKjf5hEf1XctkKON7Ie89oYmd0tpJ9GwaSmpbkCnZt3PKDnGtnPfTpWXW70X%2Bc69RDUtp4VADkWf9%2B7HcKXPZnSFGry4Ektp8lwsv%2BjB2erv%2BZ%2Brrs5VHOiTRLlIk0uAh1LVcUK1nkYRMYqgheCVAUeSOqCLXUyXSlb%2B6T3bDtpWlCEOHcbcnbPa5WFA%2B%2BwZEMYKn%2Bhd837aCXiIF4usuqCUKF5UHsTghB3y6UxJeah0Om0lkIOZtT9ZLxLbU57LuNzmnFLwGq45KoNwzx5DD9qcvBpoAsKOTANte8t7Ti%2FK23aIGzNEK0%2BVWXZSLQcSmj4PPFAOstncQMzHMY%2BNgugZgOCkdbYXyfYfB1bh%2BFAC5IzdKe7lFXK%2Fi3L9JIbH3Q%2BSHQI2z9M5Oo4%2BBEYLCiUIZWBPDwehd2IL%2BGBoyQkiFtSLwcV09cBvdW9%2F1d4b4tp60HygkCNpgoUqTCxJz%2Fx%2Fwkj1ySbh9V7oVsN%2FiAcjmtIwlTUFZwg6A%3D&nvMid=32961377618&catId=50004600
로랜텍 아이폰 충전기 C to 8핀 고속케이블 세트,"9,800원",https://cr.shopping.naver.com/adcr.nhn?x=hx%2B32XKI19FZhfynUOAauv%2F%2F%2Fw%3D%3Ds1%2FTkId2FK5lQ%2Ft7%2FRLz3pFxy%2BMcJLMxIf1xs7y7akNlyoYErd7Wx1dfdVO6hh7qVLeddn0dbr3A2JpBd4S89TBE5dS9ZTOKP%2BKnIwcDVIN%2F7u%2B%2Fcrr6vo63qjkG8CIrXARTbUWDxA%2BcUzr49vyJSwcv%2BjB2erv%2BZ%2Brrs5VHOiTQgGE7%2BZatKjf5hEf1XctkK54AUc52qOsRtojbkhFF3jJbkCnZt3PKDnGtnPfTpWXW70X%2Bc69RDUtp4VADkWf9%2B7HcKXPZnSFGry4Ektp8lwsv%2BjB2erv%2BZ%2Brrs5VHOiTRLlIk0uAh1LVcUK1nkYRMYaRNQ0GYglpSBm6yZ9TUCXTGLU6s9nfQJSwdauULeBexWFA%2B%2BwZEMYKn%2Bhd837aCX%2B75TKiW4kGNRD1g%2BLgKX2C6UxJeah0Om0lkIOZtT9ZLxLbU57LuNzmnFLwGq45KolHUfw6X%2FyA0cTEn%2F4v30W8sB9SQ3oc8YoWrJVauAMn2Q%2FESb89F66es6TuuTTCnS8jR8gVF8FlQ9pItE8Zzc8lKoC6eOfYHRpd%2F0WKqbh4ZJp7sKfjy%2FqXoopI%2Bokvoajr%2Fvhuz%2FM2bOeEg7k3nONcT46Zhz4Liusx6T5kv7ftkIycvyLx9It0oRszMjn5abaGimR4pR27mrh1IoDTOSgA%3D%3D&nvMid=33706123618&catId=50004600
애플 아이폰13 미니 256GB 미개봉 새상품 자급제 통신사 가입,"257,600원",https://cr.shopping.naver.com/adcr.nhn?x=Yf61M1AYZLVblEx%2FGyfTdf%2F%2F%2Fw%3D%3DsKs%2BL1bpZthq0ZZO0lb%2F%2BTnEg4siCe%2FWDw8GV4MvmiUpyoYErd7Wx1dfdVO6hh7qV76a76yrobkfnnZMjH9mUChE5dS9ZTOKP%2BKnIwcDVIN%2F7u%2B%2Fcrr6vo63qjkG8CIrXYhZ1T%2BhoT6lZ5Aq4g3KGBqo5YEmCu22RHk6o03pGxHyr9N9rARz1GwL8SD%2B61y0rhApJwF%2FrLfelkc673Et7C1HwCl9jCe5Syc%2BFDpQ%2FAOrERDLsS8rNI2aCrhL944qI%2FOIq6qLqW%2BXB7aAhUB%2FZQCVdN3LpKf%2FbKuiZi7z1XJQWWH8o0B9N5wP5429H4Dz0X7%2FNULeent0PHkcTLeffy2H887x6xNbHl9QWC%2BIeyXIZrreAbOElYI6JcCH2NI0VzfNVo1KcSVSazeZg7M%2BAaXy6g8F%2BGfDgU%2FNa1Hahj4NxqoZcFilgBwtjPdFGxMWmnV%2F3tTaN3o4%2B0RfveE00nI9ygRr9%2FoNR7FpHnoUnfJ4Hfp3m8H9%2B4uKU75jO2b0DpZF%2BuO2XY48Pfq%2BTHL6fmssbum%2FJriTODmbaEwciaQUQjIqyDbO4V6tLR4dGU0fH9CN%2FislXlArhDaye1bKIeD%2BBOzY3sEbcUKe2mjx4A0HPM%2F5wtWXPGg4HqusRt1%2F8DhLBwu%2FFQS5xWYf5w6G3jQ%3D%3D&nvMid=38216509668&catId=50001519
Apple 아이폰 14 프로 256GB [SKT],"612,000원",https://cr.shopping.naver.com/adcr.nhn?x=DZHDWNPYeG%2FFOZCAOmSrUP%2F%2F%2Fw%3D%3DsGb7I3d%2BHKMIn%2B5%2BDNGvmwalxe0xDRG5fMXtyBdQShCbxTAJR5s3V3RheLYZrm3hTUY0MVShnigLkL9KB3ef1xiqM8XvosdRLFWLg9m8nPFYWO2qa976oO2aYcP%2BMOpvUEDcsPhMvHfYTZlyCiwLgUlVd6Z%2BmZ5fvTALbBBPmfKKKxlQkPi79KoMGnSewm6MVQEuSFbRJjuFaN2LYRvLXYDMYBx1AVSExF%2FJDG79qxZpZhFKYPeDfjrHhjAUkdZTW3rCdbX3CQXJv9rPGvTJTXFVd6Z%2BmZ5fvTALbBBPmfKLmnGLANk9TjQtjOEdf9xG%2FSLN54uf7ZTMjpXPfwyfyBbNoujdiiNe5Aky91pn4j%2FJ2s5NS1dCNOpAI50iajvDLdi7AKw7jFXvhzeKnEudL1rHJM06m8XkkoABSxxLFFemOsyh0bwCm%2FIOHaD6%2FrVAHjDMtu1%2FW2z6RQY7dOz1lza5YEnW7ZhUoyBcvuj4F2rKzJS5g5OecL8nqTuButXa%2FK3I3NVq5FQHH1OFjYZyf9cLSGId%2BZ%2FOYAjRfVwLnTYrBUKmpxKd7hw3xLCiCRZ1HkYJiGvxcm8%2BBCvzWdGX2NT3kgM%2BCcCpihBdLzbJdxy1B0CIl3BeKsFF2drF%2B%2BsFv&nvMid=34564833618&catId=50000246
(미개봉 새상품)애플 아이폰14 프로 256GB/Apple iPhone14 Pro 256GB LGU+,"985,000원",https://cr.shopping.naver.com/adcr.nhn?x=RtzKZnN42rpLHf5irYHEc%2F%2F%2F%2Fw%3D%3DsdugyJakzk8%2ByZZAoo54pql9o8L0M8qwSaKY%2BfmR%2B%2FqpyoYErd7Wx1dfdVO6hh7qVCTSlObBjBzG8rp0xw2JmrhE5dS9ZTOKP%2BKnIwcDVIN%2F7u%2B%2Fcrr6vo63qjkG8CIrXxGYCa84YuoCuVUU9E4xj3W6IdemuhMaRXNFs4t7grWz%2BdsI0oBV0GFufH9Q6Maox7DCmddpt%2BENT8jIDxLHHbxm%2BVgHu4QsbNxxrT%2Fh4b3KKbREi3Gun%2FfUY%2Bj2y%2BgcCPMfOb0bCk6jNdJAXehXvxeQAlinPVuSzJq%2Bi6GbME%2FmudK%2Bx%2B569wwKqA2lWzfndaG69Cc6FPEblF%2B5Qlk0GFasJF1TG8DXvuOXRWh2aiSE1QmeK3ZPITzKHcbEnR%2BI82qsh5trDDfs4xrL8Zq%2F95%2BeGofhI5DG9Yd35r00YNoBXfqiCwBtPYYwEdSt6i2JAKKdyo6PPdpEBnYpuwU5j7lWFQgGVKLdeGv4b5uZIjnchnQYl3JlVhZova2Iu4LiPSeotAx0Entz4StvfWwGwJn4t9U5eEliVdM%2FJDglQij%2B6Ktd0vy8hycLVIIMy075o41d5ecoVZFGr7sxMDCpAhWXF8Ha6Q6GC0mr%2F3p7JrK8n%2FaNOC6uhTPdWtNVVAAFKbgQqpSJw9yEneJHY%2B82VynR9INs9ZpxiOekV5%2FkbMXE7XyqHIh2sQaQapTNX8ddEgNb%2FV9aKVWSW1I2lOGugugN%2BQsjK6V0FLd%2Fybx7qcubNSE3OzZUT76KyqzckASmm&nvMid=39053289622&catId=50001519
아이엠듀 3in1 고속 무선충전기,"32,900원",https://cr.shopping.naver.com/adcr.nhn?x=zWqtgK0wy8s9doDJ8sxY6%2F%2F%2F%2Fw%3D%3DsX%2BBeQ5FC6EJ0PQDI55MiOZUAH3r%2FOY8reoVoUxl6wFQAjU5j3gjlMYsRq8%2BGHFpS5iQkBgV4JK5EQAW4t0o91%2FMSRunMJtBqMCZuiHfZ4INnvl398cg8%2B3swKBZKXuIcB9hJjoMI%2F3s2bNVXTXMaAN9%2BKy%2Fm0d%2BgYWHtEf61Jo5CNclKwvLyA%2Fys%2F%2FHPPajL0lWdWXX%2B0IVhBEvWs%2FGU92NmcbgLr0lu2cCLGgyX7c%2BveCBZaqYtj1zvPLl5obaRTjmRRPzuYmeco98JIyolh99%2BKy%2Fm0d%2BgYWHtEf61Jo4AUk0tbEb%2BPaAR8Zvsauh41A02lcxNbdBKdDucSftng9qmIZCjUPtX5i1BTV0sXvLKRyvq%2BfDUs63OSxYfmA1XDUsGmlZsTS%2BrBK8MjTdEid%2FxAgg4ef62WIJT1K%2BzOB4qKRXFJ%2FlVekFaX8sVrgmeEo38oMB9EJbFM8e8TyJIOytNDnFEFWPXch0hMNPyrWi54yuRrWVBhaTXjXU%2F6mLkLRwwndJ0R74bGaDNL0uSIZTL3ruaVJreZl%2BplMuLoOpTZg2v3KBsyzkQu9fy6PkV%2FH8EnDv0RrWmzALspk13qWDaEhg%2BDYjd5J%2FZco%2F9wYIdHI8FZtQVGFZJxOyBDKc%2B&nvMid=32672159618&catId=50004600
디씨네트워크 15W 고속 무선 충전기 M300,"9,900원",https://cr.shopping.naver.com/adcr.nhn?x=2hEAMGh5tOoIGFr6lv9NTf%2F%2F%2Fw%3D%3Ds9wOB9bKyhUS3sD6dy22H%2FTCrY7wdUbKOq%2BqWGxXN%2B38AjU5j3gjlMYsRq8%2BGHFpSYJAOdzFjJRAHbbYXj%2F5BDvMSRunMJtBqMCZuiHfZ4INnvl398cg8%2B3swKBZKXuIcB9hJjoMI%2F3s2bNVXTXMaAN9%2BKy%2Fm0d%2BgYWHtEf61Jo5CNclKwvLyA%2Fys%2F%2FHPPajLvjeyq4MhyJt8%2BzijyYOhJGNmcbgLr0lu2cCLGgyX7c%2BveCBZaqYtj1zvPLl5obaRTjmRRPzuYmeco98JIyolh99%2BKy%2Fm0d%2BgYWHtEf61Jo4AUk0tbEb%2BPaAR8Zvsauh429vcPNp07p6D2oE2hLc8Cwg5lPUZk8oACn4JhWNsGpjKRyvq%2BfDUs63OSxYfmA1XWbG%2FS6KwOAMnUAkmZFJPYt%2FxAgg4ef62WIJT1K%2BzOB5O993WpNonzmFwGk9v1BzNXdM2u2wYcSCILDC75GXXgxKFu2XceD8uss7xG72Hf%2Bu7A%2F0vSPti8cHY4o2fastwbRQk59kymwf9zkGvAoX4Rd8oc4rqntdwalLWkFnQ9qP6C0XXk8ySaOQ0OaLzzIxFy2HNQVp7zynvZ6tki0Ezd8rqiV1OugXxiKIhlDJeoHjLVWGr8fvvH1mWvUgXPK6j&nvMid=33044402618&catId=50004600
디지토 25W 멀티 USB PD PPS C타입 고속 충전기,"10,900원",https://cr.shopping.naver.com/adcr.nhn?x=RiJ%2Fuyu4RQnyQeu3iy6TYf%2F%2F%2Fw%3D%3DsOzsj8xYj4Ej%2BTII2gSqPGkcFY4oOl3ZXavBC01NRlQ1yoYErd7Wx1dfdVO6hh7qV%2FA5wMJy9bvPHvTl9BrZ7tRE5dS9ZTOKP%2BKnIwcDVIN%2F7u%2B%2Fcrr6vo63qjkG8CIrXARTbUWDxA%2BcUzr49vyJSwcv%2BjB2erv%2BZ%2Brrs5VHOiTQgGE7%2BZatKjf5hEf1XctkKcihB3OizNcNdFGVrRJcX9pbkCnZt3PKDnGtnPfTpWXW70X%2Bc69RDUtp4VADkWf9%2B7HcKXPZnSFGry4Ektp8lwsv%2BjB2erv%2BZ%2Brrs5VHOiTRLlIk0uAh1LVcUK1nkYRMY6rVbr3scBWEgNc8df%2Bs5Ve6T3bDtpWlCEOHcbcnbPa5WFA%2B%2BwZEMYKn%2Bhd837aCXgaouFV9PpGHrieQPCrdpyi6UxJeah0Om0lkIOZtT9ZJxViUmJkZxK05rUls%2B8f9Qk4Ai4Q6P8fG07SZAwKEdZqnzLl0sww%2FhjHSwhT8BjTErTQ5xRBVj13IdITDT8q1oueMrka1lQYWk1411P%2Bpi5AtFHjMHkHrgnySQ26JbGISUy967mlSa3mZfqZTLi6DqsY%2Fxx0pgANWGgYHdLXSRze3f7IUPF2PIO%2Br13Tq5G6Ng2hIYPg2I3eSf2XKP%2FcGCHRyPBWbUFRhWScTsgQynPg%3D%3D&nvMid=31472738618&catId=50004600
Apple 아이폰 SE3 128GB [자급제],"179,000원",https://cr.shopping.naver.com/adcr.nhn?x=e2Xiiv6nVZQMdr5%2BYSxBKP%2F%2F%2Fw%3D%3DsjVOH3jm08hkMS5O1u8%2B8zhmzroTd0pE272ZC5vUMOTRyoYErd7Wx1dfdVO6hh7qVmuTwhcnFwox33OTbEVndsBE5dS9ZTOKP%2BKnIwcDVIN%2F7u%2B%2Fcrr6vo63qjkG8CIrXARTbUWDxA%2BcUzr49vyJSwcv%2BjB2erv%2BZ%2Brrs5VHOiTQgGE7%2BZatKjf5hEf1XctkKfWh7BKWDCZbCi6SijYv46ZbkCnZt3PKDnGtnPfTpWXW70X%2Bc69RDUtp4VADkWf9%2B7HcKXPZnSFGry4Ektp8lwsv%2BjB2erv%2BZ%2Brrs5VHOiTRLlIk0uAh1LVcUK1nkYRMYMVrqJ6w72lOBLPBfcTFWQe6T3bDtpWlCEOHcbcnbPa4bV9SohnsJOp40F4RSK4iN3DZwogH%2FN%2FW9aHiHlhZYUi6UxJeah0Om0lkIOZtT9ZLxLbU57LuNzmnFLwGq45Ko%2F%2Bs2W4Y0Y0SjJ4LZRZFfO%2BUTzQo3Bt83F6RCwYl6NGSxNeHN4qTKfCVXmIbjZtTDY3CFyaRl0cbUgBqFFadY6TzUaLji1QUfW5FQpucBI9D%2BrLgUB9VevFUnT%2BIRbg1Y0pguzBwqfY1gbD41iZbVJz7mjpLFwsOMaUWxuUkfn5gOEsHC78VBLnFZh%2FnDobeN&nvMid=31333149633&catId=50001519
디지지 USB PD C타입 고속충전기 R260,"7,400원",https://cr.shopping.naver.com/adcr.nhn?x=tPutHvvWFetrCbQUGoBCkf%2F%2F%2Fw%3D%3Ds4nZp%2Frb5x2tAWRksn2hQvHIeuNRnTUcmJsxf3YjJlKHxTAJR5s3V3RheLYZrm3hTYK7Bh0zBGPoOYunZqAtKJCqM8XvosdRLFWLg9m8nPFYWO2qa976oO2aYcP%2BMOpvUEDcsPhMvHfYTZlyCiwLgUlVd6Z%2BmZ5fvTALbBBPmfKKKxlQkPi79KoMGnSewm6MVJMaLLuMTiNLmYsCVd6lpWTMYBx1AVSExF%2FJDG79qxZpZhFKYPeDfjrHhjAUkdZTW3rCdbX3CQXJv9rPGvTJTXFVd6Z%2BmZ5fvTALbBBPmfKLmnGLANk9TjQtjOEdf9xG%2FGfJxDFPCt%2FSR8vpSG33T%2BbNoujdiiNe5Aky91pn4j%2FJ5lTBtGkW131neFpA3Db8z85qdp5yjBiWSg8N8VhkPtbHJM06m8XkkoABSxxLFFelv6WpvS3ojtq0yVCtqmtqsQRUDfoKzfK9xkSIaq1jMcbTkW9Q6%2FdxKSmzocY8DGawHxDaneSTTQijK4FfhDckCiNv3ejIgaRWAqbPCLHCvCbruoVk0MBFhxmRFA1PBjCmuB9Jtvhm7jbSlWjFV2Mu1IREg2dIB1pNip9wIGN7lFeE8J9vROErozDmQ%2FsFmuhGCqA6%2BrrPkSkQjk3bFq%2FUy&nvMid=34489166618&catId=50004600
초텍 MFM 2in1 아이폰 맥세이프 무선충전기 T575-F,"69,900원",https://cr.shopping.naver.com/adcr.nhn?x=GxG2Snz9oSSq3dPgYDwbW%2F%2F%2F%2Fw%3D%3DsO5BAD4cSWbCp9VcjrgLIRXrbM2I5ePRuVqkAzBnnvorxTAJR5s3V3RheLYZrm3hTruyHfYsWdPqeP33pv%2BOOOCqM8XvosdRLFWLg9m8nPFYWO2qa976oO2aYcP%2BMOpvUEDcsPhMvHfYTZlyCiwLgUlVd6Z%2BmZ5fvTALbBBPmfKLguQXqc0tNBo5vCJmBaBuvK4ip6D%2FzN2ksNsLf1W3rfTMYBx1AVSExF%2FJDG79qxZpZhFKYPeDfjrHhjAUkdZTW3rCdbX3CQXJv9rPGvTJTXFVd6Z%2BmZ5fvTALbBBPmfKLmnGLANk9TjQtjOEdf9xG%2Fn%2FZBIeo1A2B%2FLolmIKtXbLNoujdiiNe5Aky91pn4j%2FJ5lTBtGkW131neFpA3Db8zxeXHCBn5e%2BWO3N2x7v%2FMYrHJM06m8XkkoABSxxLFFelELaWgrXYwDwoQwSbXq%2BXEnynj9uAF8BDUENpq7Qjmyj%2FmN%2BlklHek7gzWkYeFtfauOAyiRwBKwr6CLEubtDLLuwP9L0j7YvHB2OKNn2rLcAGVdaewJEQkbOdZpk1IgUQ8EzMmBNaAkwpEZqF3%2BDJ0jr%2Fvhuz%2FM2bOeEg7k3nONbcg9lapWJeMkExnVjV52%2Bk4iUkrx52b5w6TCm7KOjVMaGimR4pR27mrh1IoDTOSgA%3D%3D&nvMid=26012131522&catId=50004600
아이폰 12 미니 128G 미개통 미개봉 새상품,"189,000원",https://cr.shopping.naver.com/adcr.nhn?x=pBFRg1AZdVRz8%2BjTd6D4Df%2F%2F%2Fw%3D%3DsuOeuev3jAaJ48EeCsZVlaK462E93b3WDF4LNa4Q5n71yoYErd7Wx1dfdVO6hh7qV1Ibyh6pc59N4eeui9zt9QBE5dS9ZTOKP%2BKnIwcDVIN%2F7u%2B%2Fcrr6vo63qjkG8CIrXYhZ1T%2BhoT6lZ5Aq4g3KGBqo5YEmCu22RHk6o03pGxHyr9N9rARz1GwL8SD%2B61y0ry7gysNgxaVxG72RtE93QEWgQjD1YOffYs8W2JonnMGvERDLsS8rNI2aCrhL944qI%2FOIq6qLqW%2BXB7aAhUB%2FZQCVdN3LpKf%2FbKuiZi7z1XJQxxGrcyV3IW9%2BMsbMVMDsAFYcW5au5YAPQspfZAoPXQCnL8MoZCBGU27EQ5UCoj6kKUTev5x1GyAY1rqylImFWzfNVo1KcSVSazeZg7M%2BAaU2l45HIDPxEfQyMG5RwqvUTfKEn0r%2BVUrMDk9gvJ8Z%2BMjh8RCanRoMTAeGT6T6qsTulBXMG7WVUNNGPsx5675f5D4BdbuKCeRFTEV2KDi3vcRxfQzgsD1UcH9sh5dSUMMKR3YKlD9qGAl6gX9HvZO4ELvVFxpLQPGB%2Badvwebt%2FxBoafcWXFEkMPPM5tb%2Fmj1aFndIwdNwuWmKtx1HNSCrUkiyUGZ3FpPHvE7X48%2Bhb&nvMid=38804051806&catId=50000249
Apple 아이폰 14 플러스 256GB [자급제],"1,319,590원",https://cr.shopping.naver.com/adcr.nhn?x=QBLv20LD7sadUgLim694PP%2F%2F%2Fw%3D%3DsPDeYKz5e4v446tumkwROlnrbdoFgtOTNurW563U35aNyoYErd7Wx1dfdVO6hh7qVEZQxFQOnARucgdXWAqrM%2FhE5dS9ZTOKP%2BKnIwcDVIN%2F7u%2B%2Fcrr6vo63qjkG8CIrXARTbUWDxA%2BcUzr49vyJSwcv%2BjB2erv%2BZ%2Brrs5VHOiTQgGE7%2BZatKjf5hEf1XctkK%2BQSydwzwWoyNryjK%2BX%2BcG5bkCnZt3PKDnGtnPfTpWXW70X%2Bc69RDUtp4VADkWf9%2B7HcKXPZnSFGry4Ektp8lwsv%2BjB2erv%2BZ%2Brrs5VHOiTRLlIk0uAh1LVcUK1nkYRMYESUH7hT20IXkarHILs7GM%2B6T3bDtpWlCEOHcbcnbPa4bV9SohnsJOp40F4RSK4iNm5mKyIP%2FBOfDNmsSIs7YBi6UxJeah0Om0lkIOZtT9ZLxLbU57LuNzmnFLwGq45KovPp2kQOMKpL7ZhSND638SJtc52q2yOwx3zfIsxNGTG8UVxRG4ldwD1%2BkE4NgSPi6feX6fz9I2n7r8ZwIqE1%2FP0fJ%2F7SnwWEExmuBuUCQMXEBhNg6pO%2F%2Bw6bSRwW%2FduOkWzsLtAkeFLMPoIqYyfERqV6W%2FktXq08VvzCVZu%2BUcmtvU2Y6hEEwGxc1AZfON9sL4VRAH%2BsMDObarUodGweR8Q%3D%3D&nvMid=34562947618&catId=50001519
주파집 퀵차지 3.0 USB 고속충전기 SHC07,"4,200원",https://cr.shopping.naver.com/adcr.nhn?x=6l0ChPGtS6kOom8PkOHxZv%2F%2F%2Fw%3D%3DsoeTiBjm7%2Fzj%2FXaeGfmemvXjJ3mntpBnhG%2BXdpHFOT7hyoYErd7Wx1dfdVO6hh7qVr%2F1nABOrlMtxhFZuOqPMxRE5dS9ZTOKP%2BKnIwcDVIN%2F7u%2B%2Fcrr6vo63qjkG8CIrXARTbUWDxA%2BcUzr49vyJSwcv%2BjB2erv%2BZ%2Brrs5VHOiTQgGE7%2BZatKjf5hEf1XctkKOq2dvraadZcFe0yw5V5impbkCnZt3PKDnGtnPfTpWXW70X%2Bc69RDUtp4VADkWf9%2B7HcKXPZnSFGry4Ektp8lwsv%2BjB2erv%2BZ%2Brrs5VHOiTRLlIk0uAh1LVcUK1nkYRMYjHcdMgammh7rf5TZYooPtmgoIKsc0pNBM1PfaxgJex1WFA%2B%2BwZEMYKn%2Bhd837aCXaWDXf6GqJAYgfM9woVTlWi6UxJeah0Om0lkIOZtT9ZItppKjnlDfY%2FSdZ6D77JCFa1OBUDT1pCOviMN3JLxaNf6GmE0znWYKbW3nGFDghXchWFllEd78cVUWUeo%2FrkQu%2FUtQVBdh8fL0KasN1PTGmk4e9QYC6Ui91gGGAjRfcD1icchwRNwmJ84TyxvjggzF1daYsHalZp2G4tQWktieBHbSmNPkW29y0xAutg3%2F%2BoPke%2FVP%2BgM94BPZkP5YJ%2Bex&nvMid=30972381618&catId=50004600
애플 20W 정품 충전기 어댑터 고속 C타입 급속 (아이폰 14 애플워치 8 에어팟 호환),"24,900원",https://cr.shopping.naver.com/adcr.nhn?x=dkS7XmhW66uQSStrKk%2BUiv%2F%2F%2Fw%3D%3DsNRB2yfB6mYIOU6dUtwkJJBXzI8YgWUcbeZoOiC8P69xyoYErd7Wx1dfdVO6hh7qVncWMSbnwaywFAvp3Y9%2BuzxE5dS9ZTOKP%2BKnIwcDVIN%2F7u%2B%2Fcrr6vo63qjkG8CIrXLQn5oqVq4hJEOZogVwnkecVIhUTYq2J1wF4XcKD2AOWkOA3ZateG%2FY8eKxwX1E0NQ%2BSmvBF8MXA4ssaKNh80lt6wnW19wkFyb%2Fazxr0yU1xVXemfpmeX70wC2wQT5nyi5pxiwDZPU40LYzhHX%2FcRv4lG17g%2B7uRclfs%2BRqUim0eYZemRyO8e8K5LCFaVU6i5KcITalxUmtmM2l1%2FlMvO3dlGhW3YNa2y8unFsnh7kCGMHn7BDBNaqXNmoKbAeTMvkreAt7lJq4MZG7pmVulgVepHgj0lM%2FirlyANFwdgQByqRahWg5z4uKqq7juCJ1%2FaCh83EaAlgXCwfX7pmshZh2gnrJgr2ZvSEb9SeJAKVAuez7uUbXOjVx9iGgkCV1%2FiZfj1SG0UJBCOvuGGOH6uH6T2SzxOsA7olLw23yXHUMP9Be4TnrufBDUX8DxlRtnVdH0g2z1mnGI56RXn%2BRsxcZtLVByOpLvsSpC03KKWs71YG5t%2FRwA73xtRqO56SfTlOQOwqwGZRZnnhjSS0Nar0oVsN%2FiAcjmtIwlTUFZwg6A%3D&nvMid=82837100749&catId=50004600